2025-09-23,06:23:20
2025-09-24,06:23:58
2025-09-25,06:24:35
2025-09-26,06:25:13
2025-09-27,06:25:50
2025-09-28,06:26:28
2025-09-29,06:27:07
2025-09-30,06:27:45
2025-10-01,06:28:19
2025-10-02,06:28:58
2025-10-03,06:29:37
2025-10-04,06:30:16
2025-10-05,06:30:56
2025-10-06,06:31:36
2025-10-07,06:32:16
2025-10-08,06:32:56
2025-10-09,06:33:37
2025-10-10,06:34:18
2025-10-11,06:34:59
2025-10-12,06:35:41
2025-10-13,06:36:23
2025-10-14,06:37:06
2025-10-15,06:37:48
2025-10-16,06:38:31
2025-10-17,06:39:15
2025-10-18,06:39:59
2025-10-19,06:40:43
2025-10-20,06:41:28
2025-10-21,06:42:13
2025-10-22,06:42:58
2025-10-23,06:43:44
2025-10-24,06:44:30
2025-10-25,06:45:16
2025-10-26,05:46:03
2025-10-27,05:46:50
2025-10-28,05:47:38
2025-10-29,05:48:26
2025-10-30,05:49:14
2025-10-31,05:49:48
2025-11-01,05:50:30
2025-11-02,05:51:19
2025-11-03,05:52:09
2025-11-04,05:52:59
2025-11-05,05:53:49
2025-11-06,05:54:40
2025-11-07,05:55:31
2025-11-08,05:56:22
2025-11-09,05:57:13
2025-11-10,05:58:05
2025-11-11,05:58:56
2025-11-12,05:59:48
2025-11-13,06:00:41
2025-11-14,06:01:33
2025-11-15,06:02:25
2025-11-16,06:03:18
2025-11-17,06:04:10
2025-11-18,06:05:03
2025-11-19,06:05:55
2025-11-20,06:06:47
2025-11-21,06:07:40
2025-11-22,06:08:32
2025-11-23,06:09:24
2025-11-24,06:10:16
2025-11-25,06:11:08
2025-11-26,06:11:59
2025-11-27,06:12:50
2025-11-28,06:13:41
2025-11-29,06:14:31
2025-11-30,06:15:21
2025-12-01,06:16:05
2025-12-02,06:16:54
2025-12-03,06:17:43
2025-12-04,06:18:31
2025-12-05,06:19:18
2025-12-06,06:20:04
2025-12-07,06:20:50
2025-12-08,06:21:35
2025-12-09,06:22:19
2025-12-10,06:23:03
2025-12-11,06:23:45
2025-12-12,06:24:27
2025-12-13,06:25:07
2025-12-14,06:25:47
2025-12-15,06:26:25
2025-12-16,06:27:02
2025-12-17,06:27:39
2025-12-18,06:28:13
2025-12-19,06:28:47
2025-12-20,06:29:19
2025-12-21,06:29:51
2025-12-22,06:30:20
2025-12-23,06:30:49
2025-12-24,06:31:15
2025-12-25,06:31:41
2025-12-26,06:32:05
2025-12-27,06:32:27
2025-12-28,06:32:48
2025-12-29,06:33:08
2025-12-30,06:33:25
2025-12-31,06:33:42
2026-01-01,06:33:53
2026-01-02,06:34:06
2026-01-03,06:34:17
2026-01-04,06:34:27
2026-01-05,06:34:35
2026-01-06,06:34:41
2026-01-07,06:34:45
2026-01-08,06:34:48
2026-01-09,06:34:49
2026-01-10,06:34:48
2026-01-11,06:34:45
2026-01-12,06:34:41
2026-01-13,06:34:35
2026-01-14,06:34:27
2026-01-15,06:34:17
2026-01-16,06:34:06
2026-01-17,06:33:53
2026-01-18,06:33:38
2026-01-19,06:33:22
2026-01-20,06:33:03
2026-01-21,06:32:44
2026-01-22,06:32:22
2026-01-23,06:31:59
2026-01-24,06:31:34
2026-01-25,06:31:07
2026-01-26,06:30:39
2026-01-27,06:30:09
2026-01-28,06:29:38
2026-01-29,06:29:05
2026-01-30,06:28:32
2026-01-31,06:27:56
2026-02-01,06:27:18
2026-02-02,06:26:39
2026-02-03,06:25:59
2026-02-04,06:25:17
2026-02-05,06:24:34
2026-02-06,06:23:49
2026-02-07,06:23:03
2026-02-08,06:22:15
2026-02-09,06:21:27
2026-02-10,06:20:37
2026-02-11,06:20:01
2026-02-12,06:19:08
2026-02-13,06:18:15
2026-02-14,06:17:20
2026-02-15,06:16:24
2026-02-16,06:15:27
2026-02-17,06:14:29
2026-02-18,06:13:30
2026-02-19,06:12:29
2026-02-20,06:11:28
2026-02-21,06:10:26
2026-02-22,06:09:23
2026-02-23,06:08:19
2026-02-24,06:07:14
2026-02-25,06:06:09
2026-02-26,06:05:02
2026-02-27,06:03:55
2026-02-28,06:02:47
2026-03-01,06:01:44
2026-03-02,06:00:34
2026-03-03,05:59:24
2026-03-04,05:58:14
2026-03-05,05:57:02
2026-03-06,05:55:50
2026-03-07,05:54:38
2026-03-08,05:53:25
2026-03-09,05:52:12
2026-03-10,05:50:58
2026-03-11,05:49:44
2026-03-12,05:48:29
2026-03-13,05:47:14
2026-03-14,05:45:58
2026-03-15,05:44:43
2026-03-16,05:43:27
2026-03-17,05:42:11
2026-03-18,05:40:54
2026-03-19,05:39:38
2026-03-20,05:38:21
2026-03-21,05:37:04
2026-03-22,05:35:47
2026-03-23,05:34:30
2026-03-24,05:33:13
2026-03-25,05:31:56
2026-03-26,05:30:38
2026-03-27,06:29:21
2026-03-28,06:28:04
2026-03-29,06:26:47
2026-03-30,06:25:31
2026-03-31,06:24:14
2026-04-01,06:23:02
2026-04-02,06:21:46
2026-04-03,06:20:30
2026-04-04,06:19:14
2026-04-05,06:17:59
2026-04-06,06:16:44
2026-04-07,06:15:29
2026-04-08,06:14:15
2026-04-09,06:13:01
2026-04-10,06:11:47
2026-04-11,06:10:34
2026-04-12,06:09:21
2026-04-13,06:08:09
2026-04-14,06:06:58
2026-04-15,06:05:47
2026-04-16,06:04:36
2026-04-17,06:03:27
2026-04-18,06:02:18
2026-04-19,06:01:09
2026-04-20,06:00:02
2026-04-21,05:58:55
2026-04-22,05:57:48
2026-04-23,05:56:43
2026-04-24,05:55:39
2026-04-25,05:54:35
2026-04-26,05:53:32
2026-04-27,05:52:30
2026-04-28,05:51:29
2026-04-29,05:50:29
2026-04-30,05:49:30
2026-05-01,05:48:38
2026-05-02,05:47:41
2026-05-03,05:46:45
2026-05-04,05:45:50
2026-05-05,05:44:57
2026-05-06,05:44:04
2026-05-07,05:43:12
2026-05-08,05:42:22
2026-05-09,05:41:33
2026-05-10,05:40:45
2026-05-11,05:39:58
2026-05-12,05:39:13
2026-05-13,05:38:29
2026-05-14,05:37:46
2026-05-15,05:37:04
2026-05-16,05:36:24
2026-05-17,05:35:46
2026-05-18,05:35:08
2026-05-19,05:34:32
2026-05-20,05:33:57
2026-05-21,05:33:24
2026-05-22,05:32:52
2026-05-23,05:32:22
2026-05-24,05:31:53
2026-05-25,05:31:26
2026-05-26,05:31:00
2026-05-27,05:30:35
2026-05-28,05:30:13
2026-05-29,05:29:51
2026-05-30,05:29:31
2026-05-31,05:29:13
2026-06-01,05:29:00
2026-06-02,05:28:44
2026-06-03,05:28:31
2026-06-04,05:28:18
2026-06-05,05:28:07
2026-06-06,05:27:58
2026-06-07,05:27:50
2026-06-08,05:27:44
2026-06-09,05:27:39
2026-06-10,05:27:36
2026-06-11,05:27:34
2026-06-12,05:27:34
2026-06-13,05:27:35
2026-06-14,05:27:37
2026-06-15,05:27:41
2026-06-16,05:27:47
2026-06-17,05:27:53
2026-06-18,05:28:02
2026-06-19,05:28:11
2026-06-20,05:28:22
2026-06-21,05:28:34
2026-06-22,05:28:47
2026-06-23,05:29:02
2026-06-24,05:29:18
2026-06-25,05:29:35
2026-06-26,05:29:53
2026-06-27,05:30:13
2026-06-28,05:30:33
2026-06-29,05:30:55
2026-06-30,05:31:18
2026-07-01,05:31:45
2026-07-02,05:32:10
2026-07-03,05:32:36
2026-07-04,05:33:02
2026-07-05,05:33:30
2026-07-06,05:33:58
2026-07-07,05:34:28
2026-07-08,05:34:58
2026-07-09,05:35:29
2026-07-10,05:36:00
2026-07-11,05:36:33
2026-07-12,05:37:05
2026-07-13,05:37:39
2026-07-14,05:38:13
2026-07-15,05:38:48
2026-07-16,05:39:23
2026-07-17,05:39:59
2026-07-18,05:40:35
2026-07-19,05:41:12
2026-07-20,05:41:49
2026-07-21,05:42:27
2026-07-22,05:43:04
2026-07-23,05:43:43
2026-07-24,05:44:21
2026-07-25,05:45:00
2026-07-26,05:45:39
2026-07-27,05:46:18
2026-07-28,05:46:57
2026-07-29,05:47:37
2026-07-30,05:48:16
2026-07-31,05:48:56
2026-08-01,05:49:35
2026-08-02,05:50:15
2026-08-03,05:50:55
2026-08-04,05:51:35
2026-08-05,05:52:15
2026-08-06,05:52:55
2026-08-07,05:53:35
2026-08-08,05:54:15
2026-08-09,05:54:55
2026-08-10,05:55:35
2026-08-11,05:56:14
2026-08-12,05:56:54
2026-08-13,05:57:34
2026-08-14,05:58:13
2026-08-15,05:58:53
2026-08-16,05:59:32
2026-08-17,06:00:12
2026-08-18,06:00:51
2026-08-19,06:01:30
2026-08-20,06:02:08
2026-08-21,06:02:47
2026-08-22,06:03:26
2026-08-23,06:04:04
2026-08-24,06:04:43
2026-08-25,06:05:21
2026-08-26,06:05:59
2026-08-27,06:06:37
2026-08-28,06:07:15
2026-08-29,06:07:52
2026-08-30,06:08:30
2026-08-31,06:09:07
2026-09-01,06:09:41
2026-09-02,06:10:18
2026-09-03,06:10:55
2026-09-04,06:11:32
2026-09-05,06:12:09
2026-09-06,06:12:46
2026-09-07,06:13:23
2026-09-08,06:14:00
2026-09-09,06:14:36
2026-09-10,06:15:13
2026-09-11,06:15:50
2026-09-12,05:58:13
2026-09-13,05:58:53
2026-09-14,05:59:32
2026-09-15,06:00:12
2026-09-16,06:00:51
2026-09-17,06:01:30
2026-09-18,06:02:08
2026-09-19,06:02:47
2026-09-20,06:03:26
2026-09-21,06:04:04
2026-09-22,06:04:43
2026-09-23,06:05:21
2026-09-24,06:05:59
2026-09-25,06:06:37
2026-09-26,06:07:15
2026-09-27,06:07:52
2026-09-28,06:08:30
2026-09-29,06:09:07
2026-09-30,06:09:41
2026-10-01,06:10:18
2026-10-02,06:10:55
2026-10-03,06:11:32
2026-10-04,06:12:09
2026-10-05,06:12:46
2026-10-06,06:13:23
2026-10-07,06:14:00
2026-10-08,06:14:36
2026-10-09,06:15:13
2026-10-10,06:15:50
2026-10-11,
2026-10-12,06:16:26
2026-10-13,06:17:03
2026-10-14,06:17:40
2026-10-15,06:18:16
2026-10-16,06:18:53
2026-10-17,06:19:30
2026-10-18,06:20:06
2026-10-19,06:20:43
2026-10-20,06:21:20
2026-10-21,06:21:57
2026-10-22,06:22:34
2026-10-23,06:23:11
2026-10-24,06:23:49
2026-10-25,06:24:26
2026-10-26,06:25:04
2026-10-27,06:25:41
2026-10-28,06:26:19
2026-10-29,06:26:57
2026-10-30,06:27:36
2026-10-31,06:28:10
2026-11-01,06:28:48
2026-11-02,06:29:27
2026-11-03,06:30:07
2026-11-04,06:30:46
2026-11-05,06:31:26
2026-11-06,06:32:06
2026-11-07,06:32:46
2026-11-08,06:33:27
2026-11-09,06:34:08
2026-11-10,06:34:49
2026-11-11,06:35:31
2026-11-12,06:36:13
2026-11-13,06:36:55
2026-11-14,06:37:38
2026-11-15,06:38:21
2026-11-16,06:39:04
2026-11-17,06:39:48
2026-11-18,06:40:32
2026-11-19,06:41:17
2026-11-20,06:42:02
2026-11-21,06:42:47
2026-11-22,06:43:33
2026-11-23,06:44:19
2026-11-24,05:45:05
2026-11-25,05:45:52
2026-11-26,05:46:39
2026-11-27,05:47:26
2026-11-28,05:48:14
2026-11-29,05:49:03
2026-11-30,05:49:51
2026-12-01,05:50:18
2026-12-02,05:51:07
2026-12-03,05:51:57
2026-12-04,05:52:47
2026-12-05,05:53:37
2026-12-06,05:54:27
2026-12-07,05:55:18
2026-12-08,05:56:09
2026-12-09,05:57:01
2026-12-10,05:57:52
2026-12-11,05:58:44
2026-12-12,05:59:36
2026-12-13,06:00:28
2026-12-14,06:01:20
2026-12-15,06:02:12
2026-12-16,06:03:05
2026-12-17,06:03:57
2026-12-18,06:04:50
2026-12-19,06:05:42
2026-12-20,06:06:35
2026-12-21,06:07:27
2026-12-22,06:08:19
2026-12-23,06:09:11
2026-12-24,06:10:03
2026-12-25,06:10:55
2026-12-26,06:11:47
2026-12-27,06:12:38
2026-12-28,06:13:29
2026-12-29,06:14:19
2026-12-30,06:15:09
2026-12-31,06:15:53
2027-01-01,06:16:42
2027-01-02,06:17:31
2027-01-03,06:18:19
2027-01-04,06:19:06
2027-01-05,06:19:53
2027-01-06,06:20:39
2027-01-07,06:21:24
2027-01-08,06:22:09
2027-01-09,06:22:52
2027-01-10,06:23:35
2027-01-11,06:24:17
2027-01-12,06:24:57
2027-01-13,06:25:37
2027-01-14,06:26:16
2027-01-15,06:26:53
2027-01-16,06:27:30
2027-01-17,06:28:05
2027-01-18,06:28:39
2027-01-19,06:29:12
2027-01-20,06:29:43
2027-01-21,06:30:13
2027-01-22,06:30:42
2027-01-23,06:31:09
2027-01-24,06:31:35
2027-01-25,06:31:59
2027-01-26,06:32:22
2027-01-27,06:32:43
2027-01-28,06:33:03
2027-01-29,06:33:21
2027-01-30,06:33:38
2027-01-31,06:33:50
2027-02-01,06:34:03
2027-02-02,06:34:14
2027-02-03,06:34:24
2027-02-04,06:34:33
2027-02-05,06:34:39
2027-02-06,06:34:44
2027-02-07,06:34:47
2027-02-08,06:34:48
2027-02-09,06:34:48
2027-02-10,06:34:46
2027-02-11,06:34:42
2027-02-12,06:34:36
2027-02-13,06:34:29
2027-02-14,06:34:20
2027-02-15,06:34:09
2027-02-16,06:33:56
2027-02-17,06:33:42
2027-02-18,06:33:26
2027-02-19,06:33:08
2027-02-20,06:32:48
2027-02-21,06:32:27
2027-02-22,06:32:04
2027-02-23,06:31:40
2027-02-24,06:31:14
2027-02-25,06:30:46
2027-02-26,06:30:16
2027-02-27,06:29:45
2027-02-28,06:29:13
2027-03-01,06:28:40
2027-03-02,06:28:04
2027-03-03,06:27:27
2027-03-04,06:26:49
2027-03-05,06:26:09
2027-03-06,06:25:27
2027-03-07,06:24:44
2027-03-08,06:24:00
2027-03-09,06:23:14
2027-03-10,06:22:27
2027-03-11,06:21:39
2027-03-12,06:20:49
2027-03-13,06:20:13
2027-03-14,06:19:21
2027-03-15,06:18:28
2027-03-16,06:17:33
2027-03-17,06:16:37
2027-03-18,06:15:41
2027-03-19,06:14:43
2027-03-20,06:13:44
2027-03-21,06:12:44
2027-03-22,06:11:43
2027-03-23,06:10:41
2027-03-24,06:09:38
2027-03-25,06:08:35
2027-03-26,06:07:30
2027-03-27,06:06:25
2027-03-28,06:05:18
2027-03-29,06:04:11
2027-03-30,06:03:04
2027-03-31,06:01:59
2027-04-01,06:00:50
2027-04-02,05:59:40
2027-04-03,05:58:29
2027-04-04,05:57:18
2027-04-05,05:56:07
2027-04-06,05:54:54
2027-04-07,05:53:41
2027-04-08,05:52:28
2027-04-09,05:51:14
2027-04-10,05:50:00
2027-04-11,05:48:46
2027-04-12,05:47:31
2027-04-13,05:46:15
2027-04-14,05:45:00
2027-04-15,05:43:44
2027-04-16,05:42:28
2027-04-17,05:41:11
2027-04-18,05:39:55
2027-04-19,05:38:38
2027-04-20,05:37:21
2027-04-21,05:36:04
2027-04-22,05:34:47
2027-04-23,05:33:30
2027-04-24,05:32:13
2027-04-25,06:30:56
2027-04-26,06:29:39
2027-04-27,06:28:22
2027-04-28,06:27:05
2027-04-29,06:25:48
2027-04-30,06:24:31
2027-05-01,06:23:21
2027-05-02,06:22:05
2027-05-03,06:20:49
2027-05-04,06:19:33
2027-05-05,06:18:17
2027-05-06,06:17:02
2027-05-07,06:15:47
2027-05-08,06:14:33
2027-05-09,06:13:19
2027-05-10,06:12:05
2027-05-11,06:10:52
2027-05-12,06:09:39
2027-05-13,06:08:27
2027-05-14,06:07:15
2027-05-15,06:06:04
2027-05-16,06:04:53
2027-05-17,06:03:44
2027-05-18,06:02:34
2027-05-19,06:01:26
2027-05-20,06:00:18
2027-05-21,05:59:11
2027-05-22,05:58:04
2027-05-23,05:56:59
2027-05-24,05:55:54
2027-05-25,05:54:50
2027-05-26,05:53:47
2027-05-27,05:52:45
2027-05-28,05:51:44
2027-05-29,05:50:44
2027-05-30,05:49:44
2027-05-31,05:48:52
2027-06-01,05:47:55
2027-06-02,05:46:59
2027-06-03,05:46:04
2027-06-04,05:45:10
2027-06-05,05:44:17
2027-06-06,05:43:25
2027-06-07,05:42:34
2027-06-08,05:41:45
2027-06-09,05:40:57
2027-06-10,05:40:10
2027-06-11,05:39:24
2027-06-12,05:38:39
2027-06-13,05:37:56
2027-06-14,05:37:15
2027-06-15,05:36:34
2027-06-16,05:35:55
2027-06-17,05:35:17
2027-06-18,05:34:41
2027-06-19,05:34:06
2027-06-20,05:33:32
2027-06-21,05:33:00
2027-06-22,05:32:29
2027-06-23,05:32:00
2027-06-24,05:31:32
2027-06-25,05:31:06
2027-06-26,05:30:41
2027-06-27,05:30:18
2027-06-28,05:29:56
2027-06-29,05:29:36
2027-06-30,05:29:17
2027-07-01,05:29:04
2027-07-02,05:28:48
2027-07-03,05:28:34
2027-07-04,05:28:21
2027-07-05,05:28:10
2027-07-06,05:28:00
2027-07-07,05:27:52
2027-07-08,05:27:46
2027-07-09,05:27:40
2027-07-10,05:27:37
2027-07-11,05:27:35
2027-07-12,05:27:34
2027-07-13,05:27:35
2027-07-14,05:27:37
2027-07-15,05:27:40
2027-07-16,05:27:45
2027-07-17,05:27:52
2027-07-18,05:28:00
2027-07-19,05:28:09
2027-07-20,05:28:19
2027-07-21,05:28:31
2027-07-22,05:28:44
2027-07-23,05:28:59
2027-07-24,05:29:14
2027-07-25,05:29:31
2027-07-26,05:29:49
2027-07-27,05:30:08
2027-07-28,05:30:28
2027-07-29,05:30:50
2027-07-30,05:31:12
2027-07-31,05:31:38
2027-08-01,05:32:03
2027-08-02,05:32:28
2027-08-03,05:32:55
2027-08-04,05:33:22
2027-08-05,05:33:50
2027-08-06,05:34:19
2027-08-07,05:34:49
2027-08-08,05:35:20
2027-08-09,05:35:51
2027-08-10,05:36:24
2027-08-11,05:36:56
2027-08-12,05:37:30
2027-08-13,05:38:04
2027-08-14,05:38:38
2027-08-15,05:39:14
2027-08-16,05:39:49
2027-08-17,05:40:25
2027-08-18,05:41:02
2027-08-19,05:41:39
2027-08-20,05:42:16
2027-08-21,05:42:54
2027-08-22,05:43:32
2027-08-23,05:44:11
2027-08-24,05:44:49
2027-08-25,05:45:28
2027-08-26,05:46:07
2027-08-27,05:46:47
2027-08-28,05:47:26
2027-08-29,05:48:06
2027-08-30,05:48:45
2027-08-31,05:49:24
2027-09-01,05:50:04
2027-09-02,05:50:44
2027-09-03,05:51:24
2027-09-04,05:52:04
2027-09-05,05:52:44
2027-09-06,05:53:24
2027-09-07,05:54:04
2027-09-08,05:54:44
2027-09-09,05:55:24
2027-09-10,05:56:04
2027-09-11,05:56:44
2027-09-12,05:57:23
2027-09-13,05:58:03
2027-09-14,05:58:42
2027-09-15,05:59:22
2027-09-16,06:00:01
2027-09-17,06:00:40
2027-09-18,06:01:19
2027-09-19,06:01:58
2027-09-20,06:02:37
2027-09-21,06:03:15
2027-09-22,06:03:54
2027-09-23,06:04:32
2027-09-24,06:05:11
2027-09-25,06:05:49
2027-09-26,06:06:27
2027-09-27,06:07:04
2027-09-28,06:07:42
2027-09-29,06:08:20
2027-09-30,06:08:57
2027-10-01,06:09:32
2027-10-02,06:10:09
2027-10-03,06:10:47
2027-10-04,06:11:24
2027-10-05,06:12:01
2027-10-06,06:12:37
2027-10-07,06:13:14
2027-10-08,06:13:51
2027-10-09,06:14:28
2027-10-10,06:15:04
2027-10-11,06:15:41
2027-10-12,06:16:18
2027-10-13,06:16:54
2027-10-14,06:17:31
2027-10-15,06:18:07
2027-10-16,06:18:44
2027-10-17,06:19:21
2027-10-18,06:19:57
2027-10-19,06:20:34
2027-10-20,06:21:11
2027-10-21,06:21:48
2027-10-22,06:22:25
2027-10-23,06:23:02
2027-10-24,06:23:40
2027-10-25,06:24:17
2027-10-26,06:24:54
2027-10-27,06:25:32
2027-10-28,06:26:10
2027-10-29,06:26:48
2027-10-30,06:27:26
2027-10-31,06:28:00
2027-11-01,06:28:38
2027-11-02,06:29:17
2027-11-03,06:29:56
2027-11-04,06:30:35
2027-11-05,06:31:15
2027-11-06,06:31:55
2027-11-07,06:32:35
2027-11-08,06:33:16
2027-11-09,06:33:57
2027-11-10,06:34:38
2027-11-11,06:35:20
2027-11-12,06:36:02
2027-11-13,06:36:44
2027-11-14,06:37:26
2027-11-15,06:38:09
2027-11-16,06:38:53
2027-11-17,06:39:36
2027-11-18,06:40:20
2027-11-19,06:41:05
2027-11-20,06:41:49
2027-11-21,06:42:35
2027-11-22,06:43:20
2027-11-23,06:44:06
2027-11-24,06:44:52
2027-11-25,06:45:39
2027-11-26,06:46:26
2027-11-27,06:47:14
2027-11-28,06:48:01
2027-11-29,06:48:50
2027-11-30,05:49:38
2027-12-01,05:50:06
2027-12-02,05:50:55
2027-12-03,05:51:44
2027-12-04,05:52:34
2027-12-05,05:53:24
2027-12-06,05:54:15
2027-12-07,05:55:06
2027-12-08,05:55:57
2027-12-09,05:56:48
2027-12-10,05:57:39
2027-12-11,05:58:31
2027-12-12,05:59:23
2027-12-13,06:00:15
2027-12-14,06:01:07
2027-12-15,06:02:00
2027-12-16,06:02:52
2027-12-17,06:03:44
2027-12-18,06:04:37
2027-12-19,06:05:29
2027-12-20,06:06:22
2027-12-21,06:07:14
2027-12-22,06:08:06
2027-12-23,06:08:59
2027-12-24,06:09:51
2027-12-25,06:10:42
2027-12-26,06:11:34
2027-12-27,06:12:25
2027-12-28,06:13:16
2027-12-29,06:14:07
2027-12-30,06:14:57
2027-12-31,06:15:41
2028-01-01,06:16:30
2028-01-02,06:17:19
2028-01-03,06:18:07
2028-01-04,06:18:55
2028-01-05,06:19:42
2028-01-06,06:20:28
2028-01-07,06:21:13
2028-01-08,06:21:58
2028-01-09,06:22:42
2028-01-10,06:23:24
2028-01-11,06:24:06
2028-01-12,06:24:47
2028-01-13,06:25:27
2028-01-14,06:26:06
2028-01-15,06:26:44
2028-01-16,06:27:21
2028-01-17,06:27:56
2028-01-18,06:28:31
2028-01-19,06:29:04
2028-01-20,06:29:35
2028-01-21,06:30:06
2028-01-22,06:30:35
2028-01-23,06:31:02
2028-01-24,06:31:28
2028-01-25,06:31:53
2028-01-26,06:32:16
2028-01-27,06:32:38
2028-01-28,06:32:58
2028-01-29,06:33:17
2028-01-30,06:33:34
2028-01-31,06:33:46
2028-02-01,06:34:00
2028-02-02,06:34:12
2028-02-03,06:34:22
2028-02-04,06:34:31
2028-02-05,06:34:38
2028-02-06,06:34:43
2028-02-07,06:34:46
2028-02-08,06:34:48
2028-02-09,06:34:48
2028-02-10,06:34:46
2028-02-11,06:34:43
2028-02-12,06:34:38
2028-02-13,06:34:31
2028-02-14,06:34:22
2028-02-15,06:34:11
2028-02-16,06:33:59
2028-02-17,06:33:45
2028-02-18,06:33:30
2028-02-19,06:33:12
2028-02-20,06:32:53
2028-02-21,06:32:32
2028-02-22,06:32:10
2028-02-23,06:31:46
2028-02-24,06:31:20
2028-02-25,06:30:53
2028-02-26,06:30:24
2028-02-27,06:29:53
2028-02-28,06:29:21
2028-02-29,06:28:47
2028-03-01,06:28:13
2028-03-02,06:27:36
2028-03-03,06:26:58
2028-03-04,06:26:18
2028-03-05,06:25:37
2028-03-06,06:24:54
2028-03-07,06:24:10
2028-03-08,06:23:25
2028-03-09,06:22:38
2028-03-10,06:21:50
2028-03-11,06:21:01
2028-03-12,06:20:25
2028-03-13,06:19:33
2028-03-14,06:18:40
2028-03-15,06:17:46
2028-03-16,06:16:51
2028-03-17,06:15:54
2028-03-18,06:14:57
2028-03-19,06:13:58
2028-03-20,06:12:59
2028-03-21,06:11:58
2028-03-22,06:10:56
2028-03-23,06:09:54
2028-03-24,06:08:50
2028-03-25,06:07:46
2028-03-26,06:06:41
2028-03-27,06:05:35
2028-03-28,06:04:28
2028-03-29,06:03:20
2028-03-30,06:02:12
2028-03-31,06:01:07
2028-04-01,05:59:57
2028-04-02,05:58:46
2028-04-03,05:57:35
2028-04-04,05:56:24
2028-04-05,05:55:12
2028-04-06,05:53:59
2028-04-07,05:52:46
2028-04-08,05:51:32
2028-04-09,05:50:18
2028-04-10,05:49:04
2028-04-11,05:47:49
2028-04-12,05:46:34
2028-04-13,05:45:18
2028-04-14,05:44:02
2028-04-15,05:42:46
2028-04-16,05:41:30
2028-04-17,05:40:13
2028-04-18,05:38:57
2028-04-19,05:37:40
2028-04-20,05:36:23
2028-04-21,05:35:06
2028-04-22,05:33:49
2028-04-23,06:32:32
2028-04-24,06:31:15
2028-04-25,06:29:57
2028-04-26,06:28:40
2028-04-27,06:27:23
2028-04-28,06:26:06
2028-04-29,06:24:50
2028-04-30,06:23:33
2028-05-01,06:22:23
2028-05-02,06:21:07
2028-05-03,06:19:51
2028-05-04,06:18:35
2028-05-05,06:17:20
2028-05-06,06:16:05
2028-05-07,06:14:51
2028-05-08,06:13:36
2028-05-09,06:12:23
2028-05-10,06:11:09
2028-05-11,06:09:57
2028-05-12,06:08:44
2028-05-13,06:07:32
2028-05-14,06:06:21
2028-05-15,06:05:10
2028-05-16,06:04:00
2028-05-17,06:02:51
2028-05-18,06:01:42
2028-05-19,06:00:34
2028-05-20,05:59:27
2028-05-21,05:58:20
2028-05-22,05:57:15
2028-05-23,05:56:10
2028-05-24,05:55:06
2028-05-25,05:54:02
2028-05-26,05:53:00
2028-05-27,05:51:59
2028-05-28,05:50:58
2028-05-29,05:49:59
2028-05-30,05:49:00
2028-05-31,05:48:08
2028-06-01,05:47:11
2028-06-02,05:46:16
2028-06-03,05:45:21
2028-06-04,05:44:28
2028-06-05,05:43:36
2028-06-06,05:42:45
2028-06-07,05:41:55
2028-06-08,05:41:07
2028-06-09,05:40:20
2028-06-10,05:39:34
2028-06-11,05:38:49
2028-06-12,05:38:06
2028-06-13,05:37:23
2028-06-14,05:36:43
2028-06-15,05:36:03
2028-06-16,05:35:25
2028-06-17,05:34:48
2028-06-18,05:34:13
2028-06-19,05:33:39
2028-06-20,05:33:07
2028-06-21,05:32:36
2028-06-22,05:32:06
2028-06-23,05:31:38
2028-06-24,05:31:11
2028-06-25,05:30:46
2028-06-26,05:30:22
2028-06-27,05:30:00
2028-06-28,05:29:40
2028-06-29,05:29:20
2028-06-30,05:29:03
2028-07-01,05:28:51
2028-07-02,05:28:36
2028-07-03,05:28:23
2028-07-04,05:28:11
2028-07-05,05:28:01
2028-07-06,05:27:53
2028-07-07,05:27:46
2028-07-08,05:27:40
2028-07-09,05:27:36
2028-07-10,05:27:34
2028-07-11,05:27:33
2028-07-12,05:27:33
2028-07-13,05:27:35
2028-07-14,05:27:38
2028-07-15,05:27:43
2028-07-16,05:27:49
2028-07-17,05:27:56
2028-07-18,05:28:05
2028-07-19,05:28:15
2028-07-20,05:28:27
2028-07-21,05:28:40
2028-07-22,05:28:54
2028-07-23,05:29:09
2028-07-24,05:29:26
2028-07-25,05:29:43
2028-07-26,05:30:02
2028-07-27,05:30:22
2028-07-28,05:30:43
2028-07-29,05:31:06
2028-07-30,05:31:29
2028-07-31,05:31:56
2028-08-01,05:32:21
2028-08-02,05:32:47
2028-08-03,05:33:14
2028-08-04,05:33:42
2028-08-05,05:34:11
2028-08-06,05:34:41
2028-08-07,05:35:11
2028-08-08,05:35:43
2028-08-09,05:36:15
2028-08-10,05:36:47
2028-08-11,05:37:21
2028-08-12,05:37:54
2028-08-13,05:38:29
2028-08-14,05:39:04
2028-08-15,05:39:40
2028-08-16,05:40:16
2028-08-17,05:40:52
2028-08-18,05:41:29
2028-08-19,05:42:06
2028-08-20,05:42:44
2028-08-21,05:43:22
2028-08-22,05:44:00
2028-08-23,05:44:39
2028-08-24,05:45:18
2028-08-25,05:45:57
2028-08-26,05:46:36
2028-08-27,05:47:15
2028-08-28,05:47:55
2028-08-29,05:48:35
2028-08-30,05:49:15
2028-08-31,05:49:54
2028-09-01,05:50:34
2028-09-02,05:51:14
2028-09-03,05:51:54
2028-09-04,05:52:35
2028-09-05,05:53:15
2028-09-06,05:53:55
2028-09-07,05:54:35
2028-09-08,05:55:14
2028-09-09,05:55:54
2028-09-10,05:56:34
2028-09-11,05:57:14
2028-09-12,05:57:53
2028-09-13,05:58:33
2028-09-14,05:59:12
2028-09-15,05:59:52
2028-09-16,06:00:31
2028-09-17,06:01:10
2028-09-18,06:01:49
2028-09-19,06:02:28
2028-09-20,06:03:06
2028-09-21,06:22:16
2028-09-22,06:22:53
2028-09-23,06:23:30
2028-09-24,06:24:08
2028-09-25,06:24:45
2028-09-26,06:25:23
2028-09-27,06:26:01
2028-09-28,06:26:39
2028-09-29,06:27:17
2028-09-30,06:27:56
2028-10-01,06:28:28
2028-10-02,06:29:07
2028-10-03,06:29:46
2028-10-04,06:30:26
2028-10-05,06:31:06
2028-10-06,06:31:45
2028-10-07,06:32:26
2028-10-08,06:33:06
2028-10-09,06:33:47
2028-10-10,06:34:28
2028-10-11,06:35:10
2028-10-12,06:35:51
2028-10-13,06:36:34
2028-10-14,06:37:16
2028-10-15,06:37:59
2028-10-16,06:38:42
2028-10-17,06:39:26
2028-10-18,06:40:10
2028-10-19,06:40:54
2028-10-20,06:41:39
2028-10-21,06:42:24
2028-10-22,06:43:09
2028-10-23,06:43:55
2028-10-24,06:44:41
2028-10-25,06:45:28
2028-10-26,06:46:15
2028-10-27,06:47:02
2028-10-28,06:47:50
2028-10-29,05:48:38
2028-10-30,05:49:26
2028-10-31,05:50:00
2028-11-01,05:50:43
2028-11-02,05:51:32
2028-11-03,05:52:22
2028-11-04,05:53:12
2028-11-05,05:54:03
2028-11-06,05:54:53
2028-11-07,05:55:44
2028-11-08,05:56:35
2028-11-09,05:57:27
2028-11-10,05:58:19
2028-11-11,05:59:10
2028-11-12,06:00:02
2028-11-13,06:00:54
2028-11-14,06:01:47
2028-11-15,06:02:39
2028-11-16,06:03:32
2028-11-17,06:04:24
2028-11-18,06:05:17
2028-11-19,06:06:09
2028-11-20,06:07:01
2028-11-21,06:07:54
2028-11-22,06:08:46
2028-11-23,06:09:38
2028-11-24,06:10:30
2028-11-25,06:11:21
2028-11-26,06:12:13
2028-11-27,06:13:04
2028-11-28,06:13:54
2028-11-29,06:14:45
2028-11-30,06:15:35
2028-12-01,06:16:18
2028-12-02,06:17:07
2028-12-03,06:17:55
2028-12-04,06:18:43
2028-12-05,06:19:30
2028-12-06,06:20:17
2028-12-07,06:21:02
2028-12-08,06:21:47
2028-12-09,06:22:31
2028-12-10,06:23:14
2028-12-11,06:23:56
2028-12-12,06:24:37
2028-12-13,06:25:18
2028-12-14,06:25:57
2028-12-15,06:26:35
2028-12-16,06:27:12
2028-12-17,06:27:48
2028-12-18,06:28:22
2028-12-19,06:28:56
2028-12-20,06:29:28
2028-12-21,06:29:58
2028-12-22,06:30:28
2028-12-23,06:30:56
2028-12-24,06:31:22
2028-12-25,06:31:47
2028-12-26,06:32:11
2028-12-27,06:32:33
2028-12-28,06:32:53
2028-12-29,06:33:12
2028-12-30,06:33:29
2028-12-31,06:33:45
2029-01-01,06:33:56
2029-01-02,06:34:09
2029-01-03,06:34:19
2029-01-04,06:34:29
2029-01-05,06:34:36
2029-01-06,06:34:42
2029-01-07,06:34:45
2029-01-08,06:34:48
2029-01-09,06:34:48
2029-01-10,06:34:47
2029-01-11,06:34:44
2029-01-12,06:34:39
2029-01-13,06:34:32
2029-01-14,06:34:24
2029-01-15,06:34:14
2029-01-16,06:34:02
2029-01-17,06:33:49
2029-01-18,06:33:33
2029-01-19,06:33:16
2029-01-20,06:32:58
2029-01-21,06:32:37
2029-01-22,06:32:15
2029-01-23,06:31:52
2029-01-24,06:31:26
2029-01-25,06:30:59
2029-01-26,06:30:31
2029-01-27,06:30:00
2029-01-28,06:29:29
2029-01-29,06:28:55
2029-01-30,06:28:22
2029-01-31,06:27:45
2029-02-01,06:27:07
2029-02-02,06:26:28
2029-02-03,06:25:47
2029-02-04,06:25:05
2029-02-05,06:24:21
2029-02-06,06:23:36
2029-02-07,06:22:50
2029-02-08,06:22:02
2029-02-09,06:21:13
2029-02-10,06:20:23
2029-02-11,06:19:46
2029-02-12,06:18:53
2029-02-13,06:17:59
2029-02-14,06:17:04
2029-02-15,06:16:08
2029-02-16,06:15:11
2029-02-17,06:14:12
2029-02-18,06:13:13
2029-02-19,06:12:13
2029-02-20,06:11:11
2029-02-21,06:10:09
2029-02-22,06:09:06
2029-02-23,06:08:01
2029-02-24,06:06:56
2029-02-25,06:05:51
2029-02-26,06:04:44
2029-02-27,06:03:36
2029-02-28,06:02:28
2029-03-01,06:01:23
2029-03-02,06:00:14
2029-03-03,05:59:03
2029-03-04,05:57:53
2029-03-05,05:56:41
2029-03-06,05:55:29
2029-03-07,05:54:17
2029-03-08,05:53:04
2029-03-09,05:51:50
2029-03-10,05:50:36
2029-03-11,05:49:22
2029-03-12,05:48:07
2029-03-13,05:46:52
2029-03-14,05:45:36
2029-03-15,05:44:21
2029-03-16,05:43:05
2029-03-17,05:41:48
2029-03-18,05:40:32
2029-03-19,05:39:15
2029-03-20,05:37:59
2029-03-21,05:36:42
2029-03-22,05:35:25
2029-03-23,06:34:07
2029-03-24,06:32:50
2029-03-25,06:31:33
2029-03-26,06:30:16
2029-03-27,06:28:59
2029-03-28,06:27:42
2029-03-29,06:26:25
2029-03-30,06:25:08
2029-03-31,06:23:52
2029-04-01,06:22:42
2029-04-02,06:21:25
2029-04-03,06:20:09
2029-04-04,06:18:54
2029-04-05,06:17:38
2029-04-06,06:16:23
2029-04-07,06:15:09
2029-04-08,06:13:54
2029-04-09,06:12:41
2029-04-10,06:11:27
2029-04-11,06:10:14
2029-04-12,06:09:02
2029-04-13,06:07:50
2029-04-14,06:06:38
2029-04-15,06:05:28
2029-04-16,06:04:17
2029-04-17,06:03:08
2029-04-18,06:01:59
2029-04-19,06:00:51
2029-04-20,05:59:43
2029-04-21,05:58:37
2029-04-22,05:57:31
2029-04-23,05:56:25
2029-04-24,05:55:21
2029-04-25,05:54:18
2029-04-26,05:53:15
2029-04-27,05:52:13
2029-04-28,05:51:13
2029-04-29,05:50:13
2029-04-30,05:49:14
2029-05-01,05:48:23
2029-05-02,05:47:26
2029-05-03,05:46:30
2029-05-04,05:45:36
2029-05-05,05:44:42
2029-05-06,05:43:50
2029-05-07,05:42:59
2029-05-08,05:42:09
2029-05-09,05:41:20
2029-05-10,05:40:32
2029-05-11,05:39:46
2029-05-12,05:39:01
2029-05-13,05:38:17
2029-05-14,05:37:35
2029-05-15,05:36:54
2029-05-16,05:36:14
2029-05-17,05:35:35
2029-05-18,05:34:58
2029-05-19,05:34:23
2029-05-20,05:33:49
2029-05-21,05:33:16
2029-05-22,05:32:44
2029-05-23,05:32:14
2029-05-24,05:31:46
2029-05-25,05:31:19
2029-05-26,05:30:53
2029-05-27,05:30:29
2029-05-28,05:30:07
2029-05-29,05:29:46
2029-05-30,05:29:26
2029-05-31,05:29:08
2029-06-01,05:28:56
2029-06-02,05:28:41
2029-06-03,05:28:27
2029-06-04,05:28:16
2029-06-05,05:28:05
2029-06-06,05:27:56
2029-06-07,05:27:49
2029-06-08,05:27:43
2029-06-09,05:27:39
2029-06-10,05:27:36
2029-06-11,05:27:34
2029-06-12,05:27:34
2029-06-13,05:27:36
2029-06-14,05:27:39
2029-06-15,05:27:43
2029-06-16,05:27:49
2029-06-17,05:27:56
2029-06-18,05:28:05
2029-06-19,05:28:14
2029-06-20,05:28:26
2029-06-21,05:28:38
2029-06-22,05:28:52
2029-06-23,05:29:07
2029-06-24,05:29:23
2029-06-25,05:29:40
2029-06-26,05:29:59
2029-06-27,05:30:19
2029-06-28,05:30:40
2029-06-29,05:31:02
2029-06-30,05:31:25
2029-07-01,05:31:51
2029-07-02,05:32:16
2029-07-03,05:32:42
2029-07-04,05:33:09
2029-07-05,05:33:37
2029-07-06,05:34:06
2029-07-07,05:34:35
2029-07-08,05:35:05
2029-07-09,05:35:37
2029-07-10,05:36:08
2029-07-11,05:36:41
2029-07-12,05:37:14
2029-07-13,05:37:48
2029-07-14,05:38:22
2029-07-15,05:38:57
2029-07-16,05:39:32
2029-07-17,05:40:08
2029-07-18,05:40:45
2029-07-19,05:41:21
2029-07-20,05:41:59
2029-07-21,05:42:36
2029-07-22,05:43:14
2029-07-23,05:43:52
2029-07-24,05:44:31
2029-07-25,05:45:10
2029-07-26,05:45:49
2029-07-27,05:46:28
2029-07-28,05:47:07
2029-07-29,05:47:47
2029-07-30,05:48:27
2029-07-31,05:49:06
2029-08-01,05:49:45
2029-08-02,05:50:25
2029-08-03,05:51:05
2029-08-04,05:51:45
2029-08-05,05:52:25
2029-08-06,05:53:05
2029-08-07,05:53:45
2029-08-08,05:54:25
2029-08-09,05:55:05
2029-08-10,05:55:45
2029-08-11,05:56:25
2029-08-12,05:57:04
2029-08-13,05:57:44
2029-08-14,05:58:24
2029-08-15,05:59:03
2029-08-16,05:59:42
2029-08-17,06:00:21
2029-08-18,06:01:01
2029-08-19,06:01:39
2029-08-20,06:02:18
2029-08-21,06:02:57
2029-08-22,06:03:36
2029-08-23,06:04:14
2029-08-24,06:04:52
2029-08-25,06:05:30
2029-08-26,06:06:08
2029-08-27,06:06:46
2029-08-28,06:07:24
2029-08-29,06:08:02
2029-08-30,06:08:39
2029-08-31,06:09:17
2029-09-01,06:09:52
2029-09-02,06:10:29
2029-09-03,06:11:06
2029-09-04,06:11:43
2029-09-05,06:12:20
2029-09-06,06:12:57
2029-09-07,06:13:33
2029-09-08,06:14:10
2029-09-09,06:14:47
2029-09-10,06:15:22
2029-09-11,06:15:59
2029-09-12,06:16:35
2029-09-13,06:17:12
2029-09-14,06:17:49
2029-09-15,06:18:25
2029-09-16,06:19:02
2029-09-17,06:19:39
2029-09-18,06:20:15
2029-09-19,06:20:52
2029-09-20,06:21:29
2029-09-21,06:22:06
2029-09-22,06:22:43
2029-09-23,06:23:20
2029-09-24,06:23:58
2029-09-25,06:24:35
2029-09-26,06:25:13
2029-09-27,06:25:51
2029-09-28,06:26:29
2029-09-29,06:27:07
2029-09-30,06:27:45
2029-10-01,06:28:19
2029-10-02,06:28:58
2029-10-03,06:29:37
2029-10-04,06:30:16
2029-10-05,06:30:56
2029-10-06,06:31:36
2029-10-07,06:32:16
2029-10-08,06:32:56
2029-10-09,06:33:37
2029-10-10,06:34:18
2029-10-11,06:35:00
2029-10-12,06:35:41
2029-10-13,06:36:23
2029-10-14,06:37:06
2029-10-15,06:37:48
2029-10-16,06:38:32
2029-10-17,06:39:15
2029-10-18,06:39:59
2029-10-19,06:40:43
2029-10-20,06:41:28
2029-10-21,06:42:13
2029-10-22,06:42:58
2029-10-23,06:43:44
2029-10-24,06:44:30
2029-10-25,06:45:16
2029-10-26,06:46:03
2029-10-27,06:46:50
2029-10-28,05:47:38
2029-10-29,05:48:26
2029-10-30,05:49:14
2029-10-31,05:49:48
2029-11-01,05:50:30
2029-11-02,05:51:19
2029-11-03,05:52:09
2029-11-04,05:52:59
2029-11-05,05:53:49
2029-11-06,05:54:40
2029-11-07,05:55:30
2029-11-08,05:56:22
2029-11-09,05:57:13
2029-11-10,05:58:05
2029-11-11,05:58:56
2029-11-12,05:59:48
2029-11-13,06:00:40
2029-11-14,06:01:33
2029-11-15,06:02:25
2029-11-16,06:03:17
2029-11-17,06:04:10
2029-11-18,06:05:02
2029-11-19,06:05:55
2029-11-20,06:06:47
2029-11-21,06:07:40
2029-11-22,06:08:32
2029-11-23,06:09:24
2029-11-24,06:10:16
2029-11-25,06:11:07
2029-11-26,06:11:59
2029-11-27,06:12:50
2029-11-28,06:13:41
2029-11-29,06:14:31
2029-11-30,06:15:21
2029-12-01,06:16:05
2029-12-02,06:16:54
2029-12-03,06:17:42
2029-12-04,06:18:30
2029-12-05,06:19:17
2029-12-06,06:20:04
2029-12-07,06:20:50
2029-12-08,06:21:35
2029-12-09,06:22:19
2029-12-10,06:23:02
2029-12-11,06:23:44
2029-12-12,06:24:26
2029-12-13,06:25:06
2029-12-14,06:25:46
2029-12-15,06:26:24
2029-12-16,06:27:01
2029-12-17,06:27:37
2029-12-18,06:28:12
2029-12-19,06:28:46
2029-12-20,06:29:18
2029-12-21,06:29:49
2029-12-22,06:30:19
2029-12-23,06:30:47
2029-12-24,06:31:14
2029-12-25,06:31:40
2029-12-26,06:32:03
2029-12-27,06:32:26
2029-12-28,06:32:47
2029-12-29,06:33:06
2029-12-30,06:33:24
2029-12-31,06:33:40
2030-01-01,06:33:51
2030-01-02,06:34:04
2030-01-03,06:34:15
2030-01-04,06:34:25
2030-01-05,06:34:33
2030-01-06,06:34:39
2030-01-07,06:34:43
2030-01-08,06:34:46
2030-01-09,06:34:46
2030-01-10,06:34:46
2030-01-11,06:34:43
2030-01-12,06:34:39
2030-01-13,06:34:32
2030-01-14,06:34:25
2030-01-15,06:34:15
2030-01-16,06:34:04
2030-01-17,06:33:50
2030-01-18,06:33:36
2030-01-19,06:33:19
2030-01-20,06:33:01
2030-01-21,06:32:41
2030-01-22,06:32:19
2030-01-23,06:31:56
2030-01-24,06:31:31
2030-01-25,06:31:04
2030-01-26,06:30:36
2030-01-27,06:30:06
2030-01-28,06:29:35
2030-01-29,06:29:02
2030-01-30,06:28:29
2030-01-31,06:27:53
2030-02-01,06:27:15
2030-02-02,06:26:36
2030-02-03,06:25:56
2030-02-04,06:25:14
2030-02-05,06:24:30
2030-02-06,06:23:46
2030-02-07,06:22:59
2030-02-08,06:22:12
2030-02-09,06:21:23
2030-02-10,06:20:33
2030-02-11,06:19:57
2030-02-12,06:19:05
2030-02-13,06:18:11
2030-02-14,06:17:16
2030-02-15,06:16:20
2030-02-16,06:15:23
2030-02-17,06:14:25
2030-02-18,06:13:26
2030-02-19,06:12:26
2030-02-20,06:11:25
2030-02-21,06:10:23
2030-02-22,06:09:20
2030-02-23,06:08:16
2030-02-24,06:07:11
2030-02-25,06:06:05
2030-02-26,06:04:59
2030-02-27,06:03:51
2030-02-28,06:02:43
2030-03-01,06:01:39
2030-03-02,06:00:29
2030-03-03,05:59:19
2030-03-04,05:58:09
2030-03-05,05:56:57
2030-03-06,05:55:45
2030-03-07,05:54:33
2030-03-08,05:53:20
2030-03-09,05:52:07
2030-03-10,05:50:53
2030-03-11,05:49:38
2030-03-12,05:48:24
2030-03-13,05:47:09
2030-03-14,05:45:53
2030-03-15,05:44:38
2030-03-16,05:43:22
2030-03-17,05:42:06
2030-03-18,05:40:49
2030-03-19,05:39:33
2030-03-20,05:38:16
2030-03-21,05:36:59
2030-03-22,05:35:42
2030-03-23,05:34:25
2030-03-24,05:33:08
2030-03-25,05:31:51
2030-03-26,05:30:33
2030-03-27,05:29:16
2030-03-28,05:27:59
2030-03-29,06:26:42
2030-03-30,06:25:26
2030-03-31,06:24:09
2030-04-01,06:22:59
2030-04-02,06:21:43
2030-04-03,06:20:27
2030-04-04,06:19:11
2030-04-05,06:17:55
2030-04-06,06:16:40
2030-04-07,06:15:26
2030-04-08,06:14:11
2030-04-09,06:12:57
2030-04-10,06:11:44
2030-04-11,06:10:31
2030-04-12,06:09:18
2030-04-13,06:08:06
2030-04-14,06:06:54
2030-04-15,06:05:43
2030-04-16,06:04:33
2030-04-17,06:03:23
2030-04-18,06:02:14
2030-04-19,06:01:06
2030-04-20,05:59:58
2030-04-21,05:58:51
2030-04-22,05:57:45
2030-04-23,05:56:40
2030-04-24,05:55:35
2030-04-25,05:54:32
2030-04-26,05:53:29
2030-04-27,05:52:27
2030-04-28,05:51:26
2030-04-29,05:50:26
2030-04-30,05:49:27
2030-05-01,05:48:34
2030-05-02,05:47:37
2030-05-03,05:46:41
2030-05-04,05:45:46
2030-05-05,05:44:53
2030-05-06,05:44:00
2030-05-07,05:43:09
2030-05-08,05:42:18
2030-05-09,05:41:29
2030-05-10,05:40:41
2030-05-11,05:39:55
2030-05-12,05:39:09
2030-05-13,05:38:25
2030-05-14,05:37:43
2030-05-15,05:37:01
2030-05-16,05:36:21
2030-05-17,05:35:42
2030-05-18,05:35:05
2030-05-19,05:34:29
2030-05-20,05:33:54
2030-05-21,05:33:21
2030-05-22,05:32:49
2030-05-23,05:32:19
2030-05-24,05:31:50
2030-05-25,05:31:23
2030-05-26,05:30:57
2030-05-27,05:30:33
2030-05-28,05:30:10
2030-05-29,05:29:48
2030-05-30,05:29:29
2030-05-31,05:29:10
2030-06-01,05:28:57
2030-06-02,05:28:42
2030-06-03,05:28:28
2030-06-04,05:28:16
2030-06-05,05:28:05
2030-06-06,05:27:56
2030-06-07,05:27:48
2030-06-08,05:27:42
2030-06-09,05:27:37
2030-06-10,05:27:34
2030-06-11,05:27:32
2030-06-12,05:27:32
2030-06-13,05:27:33
2030-06-14,05:27:36
2030-06-15,05:27:40
2030-06-16,05:27:45
2030-06-17,05:27:52
2030-06-18,05:28:00
2030-06-19,05:28:09
2030-06-20,05:28:20
2030-06-21,05:28:32
2030-06-22,05:28:46
2030-06-23,05:29:01
2030-06-24,05:29:17
2030-06-25,05:29:34
2030-06-26,05:29:52
2030-06-27,05:30:12
2030-06-28,05:30:32
2030-06-29,05:30:54
2030-06-30,05:31:17
2030-07-01,05:31:43
2030-07-02,05:32:08
2030-07-03,05:32:34
2030-07-04,05:33:00
2030-07-05,05:33:28
2030-07-06,05:33:56
2030-07-07,05:34:26
2030-07-08,05:34:56
2030-07-09,05:35:27
2030-07-10,05:35:58
2030-07-11,05:36:30
2030-07-12,05:37:03
2030-07-13,05:37:37
2030-07-14,05:38:11
2030-07-15,05:38:46
2030-07-16,05:39:21
2030-07-17,05:39:57
2030-07-18,05:40:33
2030-07-19,05:41:10
2030-07-20,05:41:47
2030-07-21,05:42:25
2030-07-22,05:43:03
2030-07-23,05:43:41
2030-07-24,05:44:19
2030-07-25,05:44:58
2030-07-26,05:45:37
2030-07-27,05:46:16
2030-07-28,05:46:55
2030-07-29,05:47:35
2030-07-30,05:48:15
2030-07-31,05:48:54
2030-08-01,05:49:33
2030-08-02,05:50:13
2030-08-03,05:50:53
2030-08-04,05:51:33
2030-08-05,05:52:13
2030-08-06,05:52:53
2030-08-07,05:53:33
2030-08-08,05:54:13
2030-08-09,05:54:53
2030-08-10,05:55:33
2030-08-11,05:56:13
2030-08-12,05:56:52
2030-08-13,05:57:32
2030-08-14,05:58:12
2030-08-15,05:58:51
2030-08-16,05:59:31
2030-08-17,06:00:10
2030-08-18,06:00:49
2030-08-19,06:01:28
2030-08-20,06:02:07
2030-08-21,06:02:45
2030-08-22,06:03:24
2030-08-23,06:04:02
2030-08-24,06:04:41
2030-08-25,06:05:19
2030-08-26,06:05:57
2030-08-27,06:06:35
2030-08-28,06:07:13
2030-08-29,06:07:50
2030-08-30,06:08:28
2030-08-31,06:09:05
2030-09-01,06:09:41
2030-09-02,06:10:19
2030-09-03,06:10:56
2030-09-04,06:11:33
2030-09-05,06:12:10
2030-09-06,06:12:47
2030-09-07,06:13:23
2030-09-08,06:14:00
2030-09-09,06:14:37
2030-09-10,06:15:13
2030-09-11,06:15:50
2030-09-12,06:16:27
2030-09-13,06:17:03
2030-09-14,06:17:40
2030-09-15,06:18:16
2030-09-16,06:18:53
2030-09-17,06:19:30
2030-09-18,06:20:06
2030-09-19,06:20:43
2030-09-20,06:21:20
2030-09-21,06:21:57
2030-09-22,06:22:34
2030-09-23,06:23:11
2030-09-24,06:23:49
2030-09-25,06:24:26
2030-09-26,06:25:04
2030-09-27,06:25:41
